[{"actions":{"permissions":{"method":"GET","href":"/headless-batch-engine/32304/permissions"},"get":{"method":"GET","href":"/headless-batch-engine/32304"},"replace":{"method":"PUT","href":"/headless-batch-engine/32304"},"update":{"method":"PATCH","href":"/headless-batch-engine/32304"},"delete":{"method":"DELETE","href":"/headless-batch-engine/32304"}},"creator":{"additionalName":"","contentType":"UserAccount","externalReferenceCode":"a703f727-b86a-43f6-0172-768482744aee","familyName":"Admin","givenName":"ACET","id":20123,"name":"ACET Admin"},"dateCreated":"2025-05-21T20:40:13Z","dateModified":"2025-05-21T20:40:13Z","externalReferenceCode":"a823e21d-070f-2582-c273-4f27b02df79e","id":32304,"status":{"code":0,"label":"approved","label_i18n":"Approved"},"image":{"externalReferenceCode":"3937a677-15c5-7e52-7164-915ceb7634a7","id":32292,"link":{"href":"/documents/20120/0/ChatGPT+Image+May+21%2C+2025%2C+04_33_01+PM.png/3937a677-15c5-7e52-7164-915ceb7634a7?version=1.0&t=1747860000353&download=true&objectDefinitionExternalReferenceCode=a4403fec-336e-2fd8-fca2-da590c5e692b&objectEntryExternalReferenceCode=a823e21d-070f-2582-c273-4f27b02df79e","label":"ChatGPT Image May 21, 2025, 04_33_01 PM.png"},"name":"ChatGPT Image May 21, 2025, 04_33_01 PM.png","scope":{"externalReferenceCode":"66628ac6-8eff-194b-bc6f-47c2e1f0c39e","type":"Site"}},"name":"Manny","description":"This is a description of manny."},{"actions":{"permissions":{"method":"GET","href":"/headless-batch-engine/32340/permissions"},"get":{"method":"GET","href":"/headless-batch-engine/32340"},"replace":{"method":"PUT","href":"/headless-batch-engine/32340"},"update":{"method":"PATCH","href":"/headless-batch-engine/32340"},"delete":{"method":"DELETE","href":"/headless-batch-engine/32340"}},"creator":{"additionalName":"","contentType":"UserAccount","externalReferenceCode":"a703f727-b86a-43f6-0172-768482744aee","familyName":"Admin","givenName":"ACET","id":20123,"name":"ACET Admin"},"dateCreated":"2025-05-21T20:41:18Z","dateModified":"2025-05-21T20:41:18Z","externalReferenceCode":"adb9dd75-00d2-0d47-55b1-838b17eef469","id":32340,"status":{"code":0,"label":"approved","label_i18n":"Approved"},"image":{"externalReferenceCode":"64809d50-2319-774b-e305-131f27c7ee64","id":32328,"link":{"href":"/documents/20120/0/ChatGPT+Image+May+21%2C+2025%2C+04_39_39+PM.png/64809d50-2319-774b-e305-131f27c7ee64?version=1.0&t=1747860065122&download=true&objectDefinitionExternalReferenceCode=a4403fec-336e-2fd8-fca2-da590c5e692b&objectEntryExternalReferenceCode=adb9dd75-00d2-0d47-55b1-838b17eef469","label":"ChatGPT Image May 21, 2025, 04_39_39 PM.png"},"name":"ChatGPT Image May 21, 2025, 04_39_39 PM.png","scope":{"externalReferenceCode":"66628ac6-8eff-194b-bc6f-47c2e1f0c39e","type":"Site"}},"name":"Jack","description":"This is a description of Jack."},{"actions":{"permissions":{"method":"GET","href":"/headless-batch-engine/32322/permissions"},"get":{"method":"GET","href":"/headless-batch-engine/32322"},"replace":{"method":"PUT","href":"/headless-batch-engine/32322"},"update":{"method":"PATCH","href":"/headless-batch-engine/32322"},"delete":{"method":"DELETE","href":"/headless-batch-engine/32322"}},"creator":{"additionalName":"","contentType":"UserAccount","externalReferenceCode":"a703f727-b86a-43f6-0172-768482744aee","familyName":"Admin","givenName":"ACET","id":20123,"name":"ACET Admin"},"dateCreated":"2025-05-21T20:40:47Z","dateModified":"2025-05-21T20:40:47Z","externalReferenceCode":"f88de1bd-9dce-78a1-1f7e-5e15b6b667fe","id":32322,"status":{"code":0,"label":"approved","label_i18n":"Approved"},"image":{"externalReferenceCode":"81bbae33-31ce-3caf-7918-1c72bfdb89c0","id":32310,"link":{"href":"/documents/20120/0/ChatGPT+Image+May+21%2C+2025%2C+04_35_29+PM.png/81bbae33-31ce-3caf-7918-1c72bfdb89c0?version=1.0&t=1747860038292&download=true&objectDefinitionExternalReferenceCode=a4403fec-336e-2fd8-fca2-da590c5e692b&objectEntryExternalReferenceCode=f88de1bd-9dce-78a1-1f7e-5e15b6b667fe","label":"ChatGPT Image May 21, 2025, 04_35_29 PM.png"},"name":"ChatGPT Image May 21, 2025, 04_35_29 PM.png","scope":{"externalReferenceCode":"66628ac6-8eff-194b-bc6f-47c2e1f0c39e","type":"Site"}},"name":"Moe","description":"This is a description of Moe."}]